<?xml version="1.0"?>
<config xmlns:xsi="http://www.w3.org/2001/XMLSchema-instance" xsi:noNamespaceSchemaLocation="urn:magento:framework:Api/etc/extension_attributes.xsd">
	<extension_attributes for="Magento\Customer\Api\Data\AddressInterface">
		<attribute code="magento_username" type="string"/>
	</extension_attributes>
    <extension_attributes for="Magento\Checkout\Api\Data\ShippingInformationInterface">
        <attribute code="magento_username" type="string" />
    </extension_attributes>
	<extension_attributes for="Magento\Quote\Api\Data\AddressInterface">
        <attribute code="magento_username" type="string" />
    </extension_attributes>
</config>